id,language,extension,author,name,path,hybrid,m.Width,m.Depth,m.MaxDens,m.AvgDens,m.NoP-X,m.NoP-Y,m.NoP-Z,m.TNo-P,m.NoH,m.%SpposQ,m.NoOtherSG,m.TNoSQG,m.TNoCSQG,m.NoSWAP,m.NoCNOT,m.%QInCNOT,m.AvgCNOT,m.MaxCNOT,m.NoToff,m.%QInToff,m.AvgToff,m.MaxToff,m.NoGates,m.NoCGates,m.%SGates,m.NoOr,m.NoCOr,m.%QInOr,m.%QInCOr,m.AvgOrD,m.MaxOrD,m.NoM,m.%QM,p.initialization,p.superposition,p.oracle,p.entanglement
31043634-6a1c-4184-8c2f-88b5388d705b,Python,qiskit,2lambda123,qiskit,Python_qiskit_2lambda123_qiskit_examples.python.teleport.py,True,3.0,5.0,3.0,2.0,1.0,0.0,1.0,2.0,2.0,0.3333333333333333,3.0,7.0,0.0,0.0,2.0,1.0,0.6666666666666666,1.0,0.0,0.0,0.0,0.0,10.0,2.0,0.7,1.0,0.0,0.3333333333333333,0.0,1.0,1.0,3.0,1.0,False,False,True,False
0f4df3ab-06f5-4f6a-9e07-b2bfa209a5aa,Python,qiskit,2lambda123,qiskit,Python_qiskit_2lambda123_qiskit_test.python.transpiler.test_width_pass.py,True,2.0,7.0,2.0,1.1428571428571428,0.0,0.0,0.0,0.0,2.0,1.0,0.0,2.0,0.0,0.0,6.0,1.0,3.0,4.0,0.0,0.0,0.0,0.0,8.0,6.0,0.25,0.0,0.0,0.0,0.0,0.0,0.0,0.0,0.0,False,True,False,False
5a1e88ce-e977-410d-a8ed-653a521b4edb,Python,qiskit,2lambda123,qiskit,Python_qiskit_2lambda123_qiskit_test.python.circuit.test_hamiltonian_gate.py,True,4.0,1.0,2.0,2.0,0.0,0.0,0.0,0.0,0.0,0.0,1.0,1.0,0.0,0.0,1.0,0.5,0.25,1.0,0.0,0.0,0.0,0.0,2.0,1.0,0.5,0.0,0.0,0.0,0.0,0.0,0.0,0.0,0.0,False,False,False,False
4679b73d-e228-43b7-9172-69492868f63f,Python,qiskit,2lambda123,qiskit,Python_qiskit_2lambda123_qiskit_test.python.transpiler.test_crosstalk_adaptive_scheduler.py,True,6.0,1.0,2.0,2.0,0.0,0.0,0.0,0.0,0.0,0.0,0.0,0.0,0.0,0.0,2.0,0.6666666666666666,0.3333333333333333,1.0,0.0,0.0,0.0,0.0,2.0,2.0,0.0,0.0,0.0,0.0,0.0,0.0,0.0,0.0,0.0,False,False,False,False
daf0afbd-2cc0-4681-b6ca-754205aa2d4c,Python,qiskit,2lambda123,qiskit,Python_qiskit_2lambda123_qiskit_test.randomized.test_synthesis.py,True,2.0,7.0,2.0,1.5714285714285714,0.0,0.0,0.0,0.0,0.0,0.0,0.0,0.0,0.0,0.0,3.0,1.0,1.5,2.0,0.0,0.0,0.0,0.0,11.0,3.0,0.0,8.0,0.0,1.0,0.0,1.0,1.0,0.0,0.0,False,False,True,False
a25d77f1-5715-410f-8e3a-97ea09c23ffe,Python,qiskit,2lambda123,qiskit,Python_qiskit_2lambda123_qiskit_test.python.converters.test_dag_to_dagdependency.py,True,2.0,2.0,1.0,1.0,0.0,0.0,0.0,0.0,1.0,0.5,0.0,1.0,0.0,0.0,1.0,1.0,0.5,1.0,0.0,0.0,0.0,0.0,2.0,1.0,0.5,0.0,0.0,0.0,0.0,0.0,0.0,0.0,0.0,False,False,False,False
a3a06447-f541-47a8-93af-b8605a3c7f0f,Python,qiskit,2lambda123,qiskit,Python_qiskit_2lambda123_qiskit_test.python.transpiler.test_basic_swap.py,True,4.0,3.0,1.0,1.0,0.0,0.0,0.0,0.0,1.0,0.0,0.0,1.0,0.0,0.0,2.0,0.5,0.5,1.0,0.0,0.0,0.0,0.0,3.0,2.0,0.3333333333333333,0.0,0.0,0.0,0.0,0.0,0.0,0.0,0.0,False,False,False,False
bbd4392f-2c47-48e2-87fb-911831002623,Python,qiskit,2lambda123,qiskit,Python_qiskit_2lambda123_qiskit_test.python.transpiler.test_lookahead_swap.py,True,3.0,1.0,1.0,1.0,0.0,0.0,0.0,0.0,0.0,0.0,0.0,0.0,0.0,0.0,1.0,0.6666666666666666,0.3333333333333333,1.0,0.0,0.0,0.0,0.0,1.0,1.0,0.0,0.0,0.0,0.0,0.0,0.0,0.0,0.0,0.0,False,False,False,False
562cd81b-ae00-477e-9067-9e4237c572d8,Python,qiskit,2lambda123,qiskit,Python_qiskit_2lambda123_qiskit_test.python.transpiler.test_dag_fixed_point_pass.py,True,2.0,2.0,1.0,1.0,0.0,0.0,0.0,0.0,1.0,0.5,0.0,1.0,0.0,0.0,1.0,1.0,0.5,1.0,0.0,0.0,0.0,0.0,2.0,1.0,0.5,0.0,0.0,0.0,0.0,0.0,0.0,0.0,0.0,False,False,False,False
88ca0d52-a58c-4723-9e0e-62c5a896ddfa,Python,qiskit,2lambda123,qiskit,Python_qiskit_2lambda123_qiskit_test.python.transpiler.test_noise_adaptive_layout.py,True,4.0,3.0,1.0,1.0,0.0,0.0,0.0,0.0,0.0,0.0,0.0,0.0,0.0,0.0,3.0,1.0,0.75,3.0,0.0,0.0,0.0,0.0,3.0,3.0,0.0,0.0,0.0,0.0,0.0,0.0,0.0,0.0,0.0,False,False,False,False
74793f4a-d217-46dd-8f32-297bd7a407ff,Python,qiskit,2lambda123,qiskit,Python_qiskit_2lambda123_qiskit_test.python.transpiler.test_resource_estimation_pass.py,True,2.0,7.0,2.0,1.1428571428571428,0.0,0.0,0.0,0.0,2.0,1.0,0.0,2.0,0.0,0.0,6.0,1.0,3.0,4.0,0.0,0.0,0.0,0.0,8.0,6.0,0.25,0.0,0.0,0.0,0.0,0.0,0.0,0.0,0.0,False,True,False,False
bd5d5e0f-4cbe-442b-bd94-a653e34c093c,Python,qiskit,vr100,qc-dm-backend,Python_qiskit_vr100_qc-dm-backend_aakash.circuits.teleport.py,True,3.0,5.0,3.0,2.0,1.0,0.0,1.0,2.0,3.0,0.6666666666666666,3.0,8.0,0.0,0.0,2.0,1.0,0.6666666666666666,1.0,0.0,0.0,0.0,0.0,10.0,2.0,0.8,0.0,0.0,0.0,0.0,0.0,0.0,3.0,1.0,False,False,False,False
0947f8a8-1afb-4712-9a10-75a8938ce5e0,Python,qiskit,2lambda123,quantuminspire,Python_qiskit_2lambda123_quantuminspire_docs.examples.example_qiskit_conditional.py,True,3.0,2.0,3.0,3.0,0.0,0.0,0.0,0.0,3.0,1.0,3.0,6.0,0.0,0.0,0.0,0.0,0.0,0.0,0.0,0.0,0.0,0.0,6.0,0.0,1.0,0.0,0.0,0.0,0.0,0.0,0.0,3.0,1.0,False,True,False,False
803b3b9a-5025-401b-a7cb-e9ff4c87bec0,Python,qiskit,Ottermad,ProgrammingQuantumComputers,Python_qiskit_Ottermad_ProgrammingQuantumComputers_cnot_logic.py,True,3.0,3.0,3.0,1.6666666666666667,4.0,0.0,0.0,4.0,0.0,0.0,0.0,4.0,0.0,0.0,1.0,0.6666666666666666,0.3333333333333333,1.0,0.0,0.0,0.0,0.0,5.0,1.0,0.8,0.0,0.0,0.0,0.0,0.0,0.0,0.0,0.0,True,False,False,False
75e5e612-c755-462c-af4b-4b2f1979b3b4,Python,qiskit,DaisukeIto-ynu,KosakaQ_client,Python_qiskit_DaisukeIto-ynu_KosakaQ_client_kosakaq_provider.py,True,1.0,5.0,1.0,1.0,1.0,1.0,1.0,3.0,1.0,0.0,1.0,5.0,0.0,0.0,0.0,0.0,0.0,0.0,0.0,0.0,0.0,0.0,5.0,0.0,1.0,0.0,0.0,0.0,0.0,0.0,0.0,0.0,0.0,True,True,False,False
d95c808a-9f70-42df-9512-e8b44fac2a7c,Python,qiskit,DaisukeIto-ynu,KosakaQ_client,Python_qiskit_DaisukeIto-ynu_KosakaQ_client_test.py,False,1.0,1.0,1.0,1.0,0.0,0.0,0.0,0.0,0.0,0.0,1.0,1.0,0.0,0.0,0.0,0.0,0.0,0.0,0.0,0.0,0.0,0.0,1.0,0.0,1.0,0.0,0.0,0.0,0.0,0.0,0.0,1.0,1.0,False,False,False,False
1e007fa7-4ba5-4561-b181-7e01ccf1d6d8,Python,qiskit,jdanielescanez,quantum-solver,Python_qiskit_jdanielescanez_quantum-solver_src.crypto.e91.eavesdropper.py,True,2.0,6.0,2.0,2.0,0.0,0.0,0.0,0.0,4.0,0.0,8.0,12.0,0.0,0.0,0.0,0.0,0.0,0.0,0.0,0.0,0.0,0.0,12.0,0.0,1.0,0.0,0.0,0.0,0.0,0.0,0.0,4.0,1.0,False,True,False,False
c05cf4fd-6ea0-43e0-a34d-0be6915034db,Python,qiskit,jdanielescanez,quantum-solver,Python_qiskit_jdanielescanez_quantum-solver_src.crypto.e91.receiver.py,True,2.0,10.0,1.0,1.0,0.0,0.0,0.0,0.0,4.0,0.0,6.0,10.0,0.0,0.0,0.0,0.0,0.0,0.0,0.0,0.0,0.0,0.0,10.0,0.0,1.0,0.0,0.0,0.0,0.0,0.0,0.0,3.0,0.5,False,False,False,False
2a9eea36-87f9-4a36-99e0-69f9353c5d04,Python,qiskit,Z-928,Bugs4Q-Framework,Python_qiskit_Z-928_Bugs4Q-Framework_qiskit.16.fixed_16.py,False,5.0,5.0,1.0,1.0,0.0,0.0,0.0,0.0,1.0,0.2,0.0,1.0,0.0,0.0,4.0,1.0,0.8,1.0,0.0,0.0,0.0,0.0,5.0,4.0,0.2,0.0,0.0,0.0,0.0,0.0,0.0,0.0,0.0,False,False,False,False
bf28b158-f7a3-4e97-81fa-5fd5b4ed8edc,Python,qiskit,Z-928,Bugs4Q-Framework,Python_qiskit_Z-928_Bugs4Q-Framework_qiskit.24.buggy_24.py,False,2.0,1.0,1.0,1.0,0.0,0.0,0.0,0.0,1.0,0.5,0.0,1.0,0.0,0.0,0.0,0.0,0.0,0.0,0.0,0.0,0.0,0.0,1.0,0.0,1.0,0.0,0.0,0.0,0.0,0.0,0.0,0.0,0.0,False,False,False,False
fa87e04b-aea0-4eff-ad16-e98b8a795b34,Python,qiskit,Z-928,Bugs4Q-Framework,Python_qiskit_Z-928_Bugs4Q-Framework_qiskit.16.test_f16.py,True,5.0,5.0,1.0,1.0,0.0,0.0,0.0,0.0,1.0,0.2,0.0,1.0,0.0,0.0,4.0,1.0,0.8,1.0,0.0,0.0,0.0,0.0,5.0,4.0,0.2,0.0,0.0,0.0,0.0,0.0,0.0,0.0,0.0,False,False,False,False
d3197774-0ebb-4553-8c8a-cb691a811b27,Python,qiskit,Z-928,Bugs4Q-Framework,Python_qiskit_Z-928_Bugs4Q-Framework_qiskit.24.test_b24.py,True,2.0,1.0,1.0,1.0,0.0,0.0,0.0,0.0,1.0,0.5,0.0,1.0,0.0,0.0,0.0,0.0,0.0,0.0,0.0,0.0,0.0,0.0,1.0,0.0,1.0,0.0,0.0,0.0,0.0,0.0,0.0,0.0,0.0,False,False,False,False
72c3316c-170b-4535-af8e-c1274c9436ed,Python,qiskit,sethuquantum,LearnQuantum,Python_qiskit_sethuquantum_LearnQuantum_test.python.converters.test_circuit_to_dagdependency.py,True,2.0,2.0,1.0,1.0,0.0,0.0,0.0,0.0,1.0,0.5,0.0,1.0,0.0,0.0,1.0,1.0,0.5,1.0,0.0,0.0,0.0,0.0,2.0,1.0,0.5,0.0,0.0,0.0,0.0,0.0,0.0,0.0,0.0,False,False,False,False
70cf6e81-9d72-493c-842a-a1258318cfab,Python,qiskit,sethuquantum,LearnQuantum,Python_qiskit_sethuquantum_LearnQuantum_test.python.basicaer.test_basicaer_qobj_headers.py,True,1.0,1.0,1.0,1.0,0.0,0.0,0.0,0.0,1.0,1.0,0.0,1.0,0.0,0.0,0.0,0.0,0.0,0.0,0.0,0.0,0.0,0.0,1.0,0.0,1.0,0.0,0.0,0.0,0.0,0.0,0.0,0.0,0.0,False,True,False,False
4b2e5f9c-f543-4dac-9011-7d878362d3f5,Python,qiskit,sethuquantum,LearnQuantum,Python_qiskit_sethuquantum_LearnQuantum_test.python.circuit.test_hamiltonian_gate.py,True,4.0,1.0,2.0,2.0,0.0,0.0,0.0,0.0,0.0,0.0,1.0,1.0,0.0,0.0,1.0,0.5,0.25,1.0,0.0,0.0,0.0,0.0,2.0,1.0,0.5,0.0,0.0,0.0,0.0,0.0,0.0,0.0,0.0,False,False,False,False
0f916599-ed76-4db8-ba53-32fba16c5040,Python,qiskit,sethuquantum,LearnQuantum,Python_qiskit_sethuquantum_LearnQuantum_test.python.qobj.test_qobj_identifiers.py,True,2.0,2.0,1.0,1.0,0.0,0.0,0.0,0.0,1.0,0.5,1.0,2.0,0.0,0.0,0.0,0.0,0.0,0.0,0.0,0.0,0.0,0.0,2.0,0.0,1.0,0.0,0.0,0.0,0.0,0.0,0.0,1.0,0.5,False,False,False,False
5440cfa8-8182-48f8-bf95-2783de67b5d2,Python,qiskit,sethuquantum,LearnQuantum,Python_qiskit_sethuquantum_LearnQuantum_test.randomized.test_synthesis.py,True,2.0,7.0,2.0,1.5714285714285714,0.0,0.0,0.0,0.0,0.0,0.0,0.0,0.0,0.0,0.0,3.0,1.0,1.5,2.0,0.0,0.0,0.0,0.0,11.0,3.0,0.0,8.0,0.0,1.0,0.0,1.0,1.0,0.0,0.0,False,False,True,False
7b135e17-965d-42ea-82ce-e182cbcc6447,Python,qiskit,sethuquantum,LearnQuantum,Python_qiskit_sethuquantum_LearnQuantum_test.python.transpiler.test_basic_swap.py,True,4.0,6.0,1.0,1.0,0.0,0.0,0.0,0.0,2.0,0.0,0.0,2.0,0.0,0.0,4.0,0.75,1.0,2.0,0.0,0.0,0.0,0.0,6.0,4.0,0.3333333333333333,0.0,0.0,0.0,0.0,0.0,0.0,0.0,0.0,False,False,False,False
c6e43ca3-a575-47f0-be94-3808d55807ff,Python,qiskit,benkoehlL,Qiskit_Playground,Python_qiskit_benkoehlL_Qiskit_Playground_logic_gates_creator.py,True,3.0,4.0,1.0,1.0,1.0,0.0,0.0,1.0,0.0,0.0,1.0,2.0,0.0,0.0,2.0,1.0,0.6666666666666666,2.0,0.0,0.0,0.0,0.0,4.0,2.0,0.5,0.0,0.0,0.0,0.0,0.0,0.0,1.0,0.3333333333333333,False,False,False,False
aa322b29-e8aa-49f6-a4bd-e40e3e006434,Python,qiskit,benkoehlL,Qiskit_Playground,Python_qiskit_benkoehlL_Qiskit_Playground_quantum_k_means.py,True,5.0,3.0,3.0,1.6666666666666667,0.0,0.0,0.0,0.0,4.0,0.6,1.0,5.0,0.0,0.0,0.0,0.0,0.0,0.0,0.0,0.0,0.0,0.0,5.0,0.0,1.0,0.0,0.0,0.0,0.0,0.0,0.0,1.0,0.2,False,False,False,False
16d484a0-6bf8-485a-825a-60086c1e6f1c,openqasm,,ric2k1,qsyn.lab,openqasm_None_ric2k1_qsyn.lab_benchmark.qft.qft_3.qasm,False,3,1,3,3,0,0,0,0,3,1,0,3,0,0,0,0,0,0,0,0,0,0,3,0,1,0,0,0,0,0,0,0,0,False,True,False,False
a9507554-7e97-444d-ba04-9a38009bcc43,openqasm,,ric2k1,qsyn.lab,openqasm_None_ric2k1_qsyn.lab_benchmark.qc2ts.circuit.swap.qasm,False,2,10,2,1.6,0,0,0,0,0,0,16,16,0,0,0,0,0,0,0,0,0,0,16,0,1,0,0,0,0,0,0,0,0,False,False,False,False
582760fb-dc69-485b-a9db-d0823286f49f,openqasm,,ric2k1,qsyn.lab,openqasm_None_ric2k1_qsyn.lab_benchmark.qft.old.qft_4dec.qasm,False,4,8,4,3.25,0,0,0,0,0,0,26,26,0,0,0,0,0,0,0,0,0,0,26,0,1,0,0,0,0,0,0,0,0,False,False,False,False
5959388c-496d-45fd-a1a7-a682856e932e,openqasm,,ric2k1,qsyn.lab,openqasm_None_ric2k1_qsyn.lab_benchmark.qft.qft_3dec.qasm,False,3,1,3,3,0,0,0,0,3,1,0,3,0,0,0,0,0,0,0,0,0,0,3,0,1,0,0,0,0,0,0,0,0,False,True,False,False
30e2456d-a70d-4369-9ac0-04dc234b5aa7,openqasm,,ric2k1,qsyn.lab,openqasm_None_ric2k1_qsyn.lab_benchmark.benchmark_SABRE.large.qft_n20.qasm,False,20,39,20,15.128205128205128,0,0,0,0,20,0.05,570,590,0,0,0,0,0,0,0,0,0,0,590,0,1,0,0,0,0,0,0,0,0,False,True,False,False
a3efd525-2f27-4857-8451-a1241de44660,openqasm,,ric2k1,qsyn.lab,openqasm_None_ric2k1_qsyn.lab_benchmark.benchmark_SABRE.OLSQ.tof_5_after_heavy.qasm,False,9,9,5,3.3333333333333335,0,0,0,0,14,0.4444444444444444,16,30,0,0,0,0,0,0,0,0,0,0,30,0,1,0,0,0,0,0,0,0,0,False,False,False,False
35fb6846-61e2-4c93-9085-d635a5942c9e,openqasm,,ric2k1,qsyn.lab,openqasm_None_ric2k1_qsyn.lab_benchmark.qc2ts.circuit.control_z.qasm,False,2,4,2,1.5,2,0,0,2,0,0,4,6,0,0,0,0,0,0,0,0,0,0,6,0,1,0,0,0,0,0,0,0,0,True,False,False,False
fb1b19e3-c8d7-4046-b4ff-963587940f1c,openqasm,,ric2k1,qsyn.lab,openqasm_None_ric2k1_qsyn.lab_benchmark.qft.qft_2dec.qasm,False,2,1,2,2,0,0,0,0,2,1,0,2,0,0,0,0,0,0,0,0,0,0,2,0,1,0,0,0,0,0,0,0,0,False,True,False,False
2e34f942-c1bc-416e-9c56-6e2b52cbe957,openqasm,,ric2k1,qsyn.lab,openqasm_None_ric2k1_qsyn.lab_benchmark.qft.qft_7dec.qasm,False,7,1,7,7,0,0,0,0,7,1,0,7,0,0,0,0,0,0,0,0,0,0,7,0,1,0,0,0,0,0,0,0,0,False,True,False,False
faac530e-3f46-48fa-b8cc-490b319c9ead,openqasm,,ric2k1,qsyn.lab,openqasm_None_ric2k1_qsyn.lab_benchmark.qft.old.qft_10dec.qasm,False,10,20,10,7.75,0,0,0,0,0,0,155,155,0,0,0,0,0,0,0,0,0,0,155,0,1,0,0,0,0,0,0,0,0,False,False,False,False
c366464c-398d-4044-8cb7-3f80bf26c155,openqasm,,ric2k1,qsyn.lab,openqasm_None_ric2k1_qsyn.lab_benchmark.qc2ts.circuit.control_h.qasm,False,2,4,2,1.5,0,0,0,0,0,0,6,6,0,0,0,0,0,0,0,0,0,0,6,0,1,0,0,0,0,0,0,0,0,False,False,False,False
ecf2d6ae-d94b-44d4-8780-c6437f0001b1,openqasm,,ric2k1,qsyn.lab,openqasm_None_ric2k1_qsyn.lab_benchmark.qc2ts.circuit.toffoli_dec.qasm,False,3,4,3,1.5,0,0,0,0,2,0.3333333333333333,4,6,0,0,0,0,0,0,0,0,0,0,6,0,1,0,0,0,0,0,0,0,0,False,False,False,False
1bd8fe25-9495-4b35-8ee7-dd9b2f07c0ca,openqasm,,ric2k1,qsyn.lab,openqasm_None_ric2k1_qsyn.lab_benchmark.qft.qft_2crz.qasm,False,2,3,2,1.3333333333333333,0,0,0,0,2,0.5,1,3,1,0,0,0,0,0,0,0,0,0,4,1,0.75,0,0,0,0,0,0,0,0,False,True,False,False
c759c698-40ea-42c1-a824-d0189da90b63,openqasm,,ric2k1,qsyn.lab,openqasm_None_ric2k1_qsyn.lab_benchmark.qft.old.qft_9dec.qasm,False,9,18,9,7,0,0,0,0,0,0,126,126,0,0,0,0,0,0,0,0,0,0,126,0,1,0,0,0,0,0,0,0,0,False,False,False,False
167ea9f0-7760-4215-abdd-b669b4d87fc7,openqasm,,ric2k1,qsyn.lab,openqasm_None_ric2k1_qsyn.lab_benchmark.benchmark_SABRE.small.3_17_13.qasm,False,3,6,3,2.1666666666666665,1,0,0,1,4,0.3333333333333333,8,13,0,0,0,0,0,0,0,0,0,0,13,0,1,0,0,0,0,0,0,0,0,True,False,False,False
a79ffb80-869a-4332-b521-8e63f93a6c47,openqasm,,ric2k1,qsyn.lab,openqasm_None_ric2k1_qsyn.lab_benchmark.qc2ts.circuit.cnot.qasm,False,2,4,2,2,0,0,0,0,0,0,8,8,0,0,0,0,0,0,0,0,0,0,8,0,1,0,0,0,0,0,0,0,0,False,False,False,False
f6f0e941-52f4-4fc0-a738-a4f4557d0102,openqasm,,ric2k1,qsyn.lab,openqasm_None_ric2k1_qsyn.lab_benchmark.pseudoSimp.toGraph2.qasm,False,2,2,1,1,0,0,0,0,1,0,1,2,0,0,0,0,0,0,0,0,0,0,2,0,1,0,0,0,0,0,0,0,0,False,False,False,False
355831e0-eeec-446b-a5c8-15e5ffae5a19,openqasm,,ric2k1,qsyn.lab,openqasm_None_ric2k1_qsyn.lab_benchmark.qft.qft_4.qasm,False,4,1,4,4,0,0,0,0,4,1,0,4,0,0,0,0,0,0,0,0,0,0,4,0,1,0,0,0,0,0,0,0,0,False,True,False,False
4d380d9d-6228-48e8-8eaf-387c63c10b19,openqasm,,ric2k1,qsyn.lab,openqasm_None_ric2k1_qsyn.lab_benchmark.qft.old.qft_5dec.qasm,False,5,10,5,4,0,0,0,0,0,0,40,40,0,0,0,0,0,0,0,0,0,0,40,0,1,0,0,0,0,0,0,0,0,False,False,False,False
c2c6847f-0b99-40f6-9673-44106166d298,openqasm,,ric2k1,qsyn.lab,openqasm_None_ric2k1_qsyn.lab_benchmark.benchmark_SABRE.small.alu-v2_33.qasm,False,5,5,5,2.8,2,0,0,2,4,0.2,8,14,0,0,0,0,0,0,0,0,0,0,14,0,1,0,0,0,0,0,0,0,0,True,False,False,False
c6392b9e-02ce-42bc-b11c-5489b1173ab7,openqasm,,ric2k1,qsyn.lab,openqasm_None_ric2k1_qsyn.lab_benchmark.benchmark_SABRE.small.alu-v1_28.qasm,False,5,9,5,1.4444444444444444,1,0,0,1,4,0.2,8,13,0,0,0,0,0,0,0,0,0,0,13,0,1,0,0,0,0,0,0,0,0,False,False,False,False
c301d6ae-0780-48bf-855c-2fce8d677f4e,openqasm,,ric2k1,qsyn.lab,openqasm_None_ric2k1_qsyn.lab_benchmark.benchmark_SABRE.small.alu-v4_37.qasm,False,5,9,5,1.4444444444444444,1,0,0,1,4,0,8,13,0,0,0,0,0,0,0,0,0,0,13,0,1,0,0,0,0,0,0,0,0,True,False,False,False
7c5d8a23-2401-4be5-8aca-35d9bbd58f41,openqasm,,ric2k1,qsyn.lab,openqasm_None_ric2k1_qsyn.lab_benchmark.qc2ts.circuit.toffoli_qiskit.qasm,False,3,15,3,1.2,0,0,0,0,0,0,18,18,0,0,0,0,0,0,0,0,0,0,18,0,1,0,0,0,0,0,0,0,0,False,False,False,False
cf22c57d-2a46-4c4f-a710-175c08413c08,openqasm,,ric2k1,qsyn.lab,openqasm_None_ric2k1_qsyn.lab_benchmark.benchmark_SABRE.OLSQ.mod_mult_55_after_heavy.qasm,False,9,8,6,4,0,0,0,0,14,0.5555555555555556,18,32,0,0,0,0,0,0,0,0,0,0,32,0,1,0,0,0,0,0,0,0,0,False,False,False,False
9074407a-34b7-4223-942c-a73382c3fe88,openqasm,,ric2k1,qsyn.lab,openqasm_None_ric2k1_qsyn.lab_benchmark.qft.old.qft_7dec.qasm,False,7,14,7,5.5,0,0,0,0,0,0,77,77,0,0,0,0,0,0,0,0,0,0,77,0,1,0,0,0,0,0,0,0,0,False,False,False,False
752649d0-cbb7-4e23-bc07-365e437d17d9,openqasm,,ric2k1,qsyn.lab,openqasm_None_ric2k1_qsyn.lab_benchmark.qft.qft_16dec.qasm,False,16,1,16,16,0,0,0,0,16,1,0,16,0,0,0,0,0,0,0,0,0,0,16,0,1,0,0,0,0,0,0,0,0,False,True,False,False
d3e7c62a-3853-47ac-ac69-5d2a51a48821,openqasm,,ric2k1,qsyn.lab,openqasm_None_ric2k1_qsyn.lab_benchmark.qft.old.qft_6dec.qasm,False,6,12,6,4.75,0,0,0,0,0,0,57,57,0,0,0,0,0,0,0,0,0,0,57,0,1,0,0,0,0,0,0,0,0,False,False,False,False
0a70e7f2-204d-4599-b415-8c175f6c1b4b,openqasm,,ric2k1,qsyn.lab,openqasm_None_ric2k1_qsyn.lab_benchmark.qft.qft_6dec.qasm,False,6,1,6,6,0,0,0,0,6,1,0,6,0,0,0,0,0,0,0,0,0,0,6,0,1,0,0,0,0,0,0,0,0,False,True,False,False
6aaaf54a-f4f8-4bf8-93ff-8431afa6e627,openqasm,,ric2k1,qsyn.lab,openqasm_None_ric2k1_qsyn.lab_benchmark.qft.qft_9dec.qasm,False,9,1,9,9,0,0,0,0,9,1,0,9,0,0,0,0,0,0,0,0,0,0,9,0,1,0,0,0,0,0,0,0,0,False,True,False,False
27689702-d60d-4e54-9fa1-4b3da1f610af,openqasm,,ric2k1,qsyn.lab,openqasm_None_ric2k1_qsyn.lab_benchmark.qft.qft_8.qasm,False,8,1,8,8,0,0,0,0,8,1,0,8,0,0,0,0,0,0,0,0,0,0,8,0,1,0,0,0,0,0,0,0,0,False,True,False,False
96f20954-2d72-4973-a63d-ec4da21194fc,openqasm,,ric2k1,qsyn.lab,openqasm_None_ric2k1_qsyn.lab_benchmark.benchmark_SABRE.small.alu-v0_27.qasm,False,5,9,5,1.4444444444444444,1,0,0,1,4,0.2,8,13,0,0,0,0,0,0,0,0,0,0,13,0,1,0,0,0,0,0,0,0,0,False,False,False,False
1d1edcb8-7364-4285-acc5-afde393d5a1f,openqasm,,ric2k1,qsyn.lab,openqasm_None_ric2k1_qsyn.lab_examples.qasm.unknown_gate.qasm,False,3,2,3,3,0,0,0,0,6,1,0,6,0,0,0,0,0,0,0,0,0,0,6,0,1,0,0,0,0,0,0,0,0,False,True,False,False
94a9ea54-a228-47c5-a557-bc2d6769163f,openqasm,,ric2k1,qsyn.lab,openqasm_None_ric2k1_qsyn.lab_benchmark.qft.qft_2opt.qasm,False,2,1,2,2,0,0,0,0,2,1,0,2,0,0,0,0,0,0,0,0,0,0,2,0,1,0,0,0,0,0,0,0,0,False,True,False,False
0e0b4515-4d9c-4254-8672-e725e7006768,openqasm,,ric2k1,qsyn.lab,openqasm_None_ric2k1_qsyn.lab_benchmark.qft.qft_4dec.qasm,False,4,1,4,4,0,0,0,0,4,1,0,4,0,0,0,0,0,0,0,0,0,0,4,0,1,0,0,0,0,0,0,0,0,False,True,False,False
66912195-a2de-4dca-8f47-072d686cd4b8,openqasm,,ric2k1,qsyn.lab,openqasm_None_ric2k1_qsyn.lab_benchmark.qft.qft_8dec.qasm,False,8,1,8,8,0,0,0,0,8,1,0,8,0,0,0,0,0,0,0,0,0,0,8,0,1,0,0,0,0,0,0,0,0,False,True,False,False
4575f267-fe3d-4795-b364-971912877385,openqasm,,ric2k1,qsyn.lab,openqasm_None_ric2k1_qsyn.lab_benchmark.qft.qft_27dec.qasm,False,27,1,27,27,0,0,0,0,27,1,0,27,0,0,0,0,0,0,0,0,0,0,27,0,1,0,0,0,0,0,0,0,0,False,True,False,False
db2f57a8-dcee-4933-846d-536addaf99d3,openqasm,,ric2k1,qsyn.lab,openqasm_None_ric2k1_qsyn.lab_benchmark.qft.qft_3opt.qasm,False,3,2,2,2,0,0,0,0,3,0.3333333333333333,0,3,1,0,0,0,0,0,0,0,0,0,4,1,0.75,0,0,0,0,0,0,0,0,False,True,False,False
2e47b8ce-d35c-409a-97ab-554ea46d8b92,openqasm,,ric2k1,qsyn.lab,openqasm_None_ric2k1_qsyn.lab_benchmark.qft.qft_5dec.qasm,False,5,1,5,5,0,0,0,0,5,1,0,5,0,0,0,0,0,0,0,0,0,0,5,0,1,0,0,0,0,0,0,0,0,False,True,False,False
cb41345c-da14-4027-a8d9-79c53534331f,openqasm,,ric2k1,qsyn.lab,openqasm_None_ric2k1_qsyn.lab_benchmark.benchmark_SABRE.small.ex-1_166.qasm,False,3,5,3,1.4,1,0,0,1,2,0.3333333333333333,4,7,0,0,0,0,0,0,0,0,0,0,7,0,1,0,0,0,0,0,0,0,0,False,False,False,False
a1d4b305-5262-4dcc-813b-dad7e6bfd796,openqasm,,ric2k1,qsyn.lab,openqasm_None_ric2k1_qsyn.lab_benchmark.qft.qft_10dec.qasm,False,10,1,10,10,0,0,0,0,10,1,0,10,0,0,0,0,0,0,0,0,0,0,10,0,1,0,0,0,0,0,0,0,0,False,True,False,False
99511b97-f560-4da1-94e2-ccff7b03a0ae,openqasm,,ric2k1,qsyn.lab,openqasm_None_ric2k1_qsyn.lab_benchmark.benchmark_SABRE.small.alu-v3_35.qasm,False,5,9,5,1.4444444444444444,1,0,0,1,4,0,8,13,0,0,0,0,0,0,0,0,0,0,13,0,1,0,0,0,0,0,0,0,0,True,False,False,False
1334aa68-73f0-43d0-9b83-502d9cc299da,openqasm,,ric2k1,qsyn.lab,openqasm_None_ric2k1_qsyn.lab_benchmark.qft.old.qft_8dec.qasm,False,8,16,8,6.25,0,0,0,0,0,0,100,100,0,0,0,0,0,0,0,0,0,0,100,0,1,0,0,0,0,0,0,0,0,False,False,False,False
0cb1d0ed-3ed3-4ce7-978e-5db3324e2e05,openqasm,,ric2k1,qsyn.lab,openqasm_None_ric2k1_qsyn.lab_benchmark.pseudoSimp.tof2_dec.qasm,False,3,4,3,1.5,0,0,0,0,2,0.3333333333333333,4,6,0,0,0,0,0,0,0,0,0,0,6,0,1,0,0,0,0,0,0,0,0,False,False,False,False
96bfaf96-26f3-4a45-8469-4ee51eb367b7,openqasm,,ric2k1,qsyn.lab,openqasm_None_ric2k1_qsyn.lab_benchmark.benchmark_SABRE.small.alu-v1_29.qasm,False,5,9,5,1.5555555555555556,2,0,0,2,4,0.2,8,14,0,0,0,0,0,0,0,0,0,0,14,0,1,0,0,0,0,0,0,0,0,True,False,False,False
6a9f8461-2b57-45cc-be25-b1724454f8a0,openqasm,,ric2k1,qsyn.lab,openqasm_None_ric2k1_qsyn.lab_benchmark.benchmark_SABRE.small.mod5d1_63.qasm,False,5,4,3,1.5,0,0,0,0,2,0.2,4,6,0,0,0,0,0,0,0,0,0,0,6,0,1,0,0,0,0,0,0,0,0,False,False,False,False
45e8bcf1-7ec2-465a-a0b3-4336b09344d8,openqasm,,ric2k1,qsyn.lab,openqasm_None_ric2k1_qsyn.lab_benchmark.benchmark_SABRE.small.miller_11.qasm,False,3,9,3,2,0,0,0,0,6,0.3333333333333333,12,18,0,0,0,0,0,0,0,0,0,0,18,0,1,0,0,0,0,0,0,0,0,False,False,False,False
0747348b-d9b2-4c5d-bd63-9a8b087e2397,openqasm,,ric2k1,qsyn.lab,openqasm_None_ric2k1_qsyn.lab_benchmark.qft.qft_6.qasm,False,6,1,6,6,0,0,0,0,6,1,0,6,0,0,0,0,0,0,0,0,0,0,6,0,1,0,0,0,0,0,0,0,0,False,True,False,False
8538dc4f-fc2b-45e9-91df-c0fdfbd2122b,openqasm,,ric2k1,qsyn.lab,openqasm_None_ric2k1_qsyn.lab_benchmark.qft.qft_5.qasm,False,5,1,5,5,0,0,0,0,5,1,0,5,0,0,0,0,0,0,0,0,0,0,5,0,1,0,0,0,0,0,0,0,0,False,True,False,False
dc730db7-efb3-4103-969e-a91ffaeec0e6,openqasm,,ric2k1,qsyn.lab,openqasm_None_ric2k1_qsyn.lab_benchmark.benchmark_SABRE.small.ham3_102.qasm,False,3,4,3,1.5,0,0,0,0,2,0.3333333333333333,4,6,0,0,0,0,0,0,0,0,0,0,6,0,1,0,0,0,0,0,0,0,0,False,False,False,False
f1110499-a57d-4701-87ac-0a85400caaef,openqasm,,ric2k1,qsyn.lab,openqasm_None_ric2k1_qsyn.lab_benchmark.qft.qft_7.qasm,False,7,1,7,7,0,0,0,0,7,1,0,7,0,0,0,0,0,0,0,0,0,0,7,0,1,0,0,0,0,0,0,0,0,False,True,False,False
